model,benchmark,score
MiniCheMeleon,tdcommons/ld50-zhu,0.6452924820728329
MiniCheMeleon,tdcommons/ld50-zhu,0.6662220612243323
CheMeleon,tdcommons/ld50-zhu,0.5211747007363543
MolCLR,tdcommons/ld50-zhu,0.6834652028935526
RF_Mordred,tdcommons/ld50-zhu,0.6354834999373543
RF_Mordred,tdcommons/ld50-zhu,0.6321138691276271
MiniCheMeleon,tdcommons/ld50-zhu,0.6397832294871907
MolCLR,tdcommons/ld50-zhu,0.7126868291643217
CheMeleon,tdcommons/ld50-zhu,0.5151310881490797
Chemprop,tdcommons/ld50-zhu,0.6096163785344694
CheMeleon,tdcommons/ld50-zhu,0.5178606170969178
RF_Mordred,tdcommons/ld50-zhu,0.6355040952201142
minimol,tdcommons/ld50-zhu,0.6133413447688494
Chemprop,tdcommons/ld50-zhu,0.5900371637105619
MiniCheMeleon,tdcommons/ld50-zhu,0.646463957705259
MolCLR,tdcommons/ld50-zhu,0.700898935225723
CheMeleon,tdcommons/ld50-zhu,0.5439187263126142
MiniCheMeleon,tdcommons/ld50-zhu,0.6324422481637524
minimol,tdcommons/ld50-zhu,0.6160829477819925
fastprop,tdcommons/ld50-zhu,0.6312499563877896
MolCLR,tdcommons/ld50-zhu,0.7003956752442863
MolCLR,tdcommons/ld50-zhu,0.6814152598981121
minimol,tdcommons/ld50-zhu,0.612571405144925
RF,tdcommons/ld50-zhu,0.6347080493293167
fastprop,tdcommons/ld50-zhu,0.6484098774331832
MoLFormer,tdcommons/ld50-zhu,0.6321416836191416
RF,tdcommons/ld50-zhu,0.6356208455343109
fastprop,tdcommons/ld50-zhu,0.6094365377477767
MoLFormer,tdcommons/ld50-zhu,0.7918124510477296
Chemprop,tdcommons/ld50-zhu,0.6090741500957731
MoLFormer,tdcommons/ld50-zhu,0.6346225908918859
Chemprop,tdcommons/ld50-zhu,0.5629254353069001
RF,tdcommons/ld50-zhu,0.6369438630511572
Chemprop,tdcommons/ld50-zhu,0.6174325002656094
MoLFormer,tdcommons/ld50-zhu,0.6340916558208906
RF_Mordred,tdcommons/ld50-zhu,0.6274696501195027
MoLFormer,tdcommons/ld50-zhu,0.6212541171526876
minimol,tdcommons/ld50-zhu,0.5851394358674954
RF_Mordred,tdcommons/ld50-zhu,0.6395177601580692
fastprop,tdcommons/ld50-zhu,0.6384410723478449
RF,tdcommons/ld50-zhu,0.6342932411020118
fastprop,tdcommons/ld50-zhu,0.6445508438834319
RF,tdcommons/ld50-zhu,0.6368702812342935
CheMeleon,tdcommons/ld50-zhu,0.5363596582980538
minimol,tdcommons/ld50-zhu,0.5971656458458494
minimol,tdcommons/ames,0.8518455423055082
CheMeleon,tdcommons/ames,0.8406224911394389
MolCLR,tdcommons/ames,0.7985832892752942
MiniCheMeleon,tdcommons/ames,0.8235172022166088
MolCLR,tdcommons/ames,0.79457204957998
Chemprop,tdcommons/ames,0.8301591963813664
minimol,tdcommons/ames,0.8587244708139967
RF,tdcommons/ames,0.8501282578472263
fastprop,tdcommons/ames,0.8473339990992578
minimol,tdcommons/ames,0.8490943625291273
Chemprop,tdcommons/ames,0.8424680334449471
MoLFormer,tdcommons/ames,0.5664199416475749
MiniCheMeleon,tdcommons/ames,0.8427108421938945
RF,tdcommons/ames,0.8528725841508547
Chemprop,tdcommons/ames,0.8432767432297481
MoLFormer,tdcommons/ames,0.8548160332099708
RF_Mordred,tdcommons/ames,0.8476071589418238
MoLFormer,tdcommons/ames,0.85537801797568
RF,tdcommons/ames,0.8485049638724079
minimol,tdcommons/ames,0.8504905128355752
fastprop,tdcommons/ames,0.8419001742740214
RF,tdcommons/ames,0.8470060114746716
MoLFormer,tdcommons/ames,0.5392155710900937
MoLFormer,tdcommons/ames,0.8574810550431768
Chemprop,tdcommons/ames,0.8388014255223325
fastprop,tdcommons/ames,0.8435175938436235
fastprop,tdcommons/ames,0.8515870684759835
minimol,tdcommons/ames,0.8530635023203901
RF,tdcommons/ames,0.8507235309091621
MiniCheMeleon,tdcommons/ames,0.834598288589947
MolCLR,tdcommons/ames,0.8051146488084748
CheMeleon,tdcommons/ames,0.8433795453210362
CheMeleon,tdcommons/ames,0.8543617458732303
MiniCheMeleon,tdcommons/ames,0.8341909964949383
CheMeleon,tdcommons/ames,0.8462325481211694
MiniCheMeleon,tdcommons/ames,0.8334136168712918
RF_Mordred,tdcommons/ames,0.8442842037243729
fastprop,tdcommons/ames,0.846313810726664
RF_Mordred,tdcommons/ames,0.8469913254616303
CheMeleon,tdcommons/ames,0.8510192093050579
MolCLR,tdcommons/ames,0.8004513501341323
Chemprop,tdcommons/ames,0.8244649395915329
RF_Mordred,tdcommons/ames,0.8489161722375609
MolCLR,tdcommons/ames,0.8013393643893554
RF_Mordred,tdcommons/ames,0.855452427108422
MolCLR,tdcommons/lipophilicity-astrazeneca,0.7477032194705237
RF_Mordred,tdcommons/lipophilicity-astrazeneca,0.5847475846835546
minimol,tdcommons/lipophilicity-astrazeneca,0.4705743048020771
MolCLR,tdcommons/lipophilicity-astrazeneca,0.7480546207655043
MolCLR,tdcommons/lipophilicity-astrazeneca,0.7342312727598915
CheMeleon,tdcommons/lipophilicity-astrazeneca,0.4525998963117599
Chemprop,tdcommons/lipophilicity-astrazeneca,0.45469246210370745
MiniCheMeleon,tdcommons/lipophilicity-astrazeneca,0.47721672183559055
MiniCheMeleon,tdcommons/lipophilicity-astrazeneca,0.4880506450619016
CheMeleon,tdcommons/lipophilicity-astrazeneca,0.44461670050734564
RF,tdcommons/lipophilicity-astrazeneca,0.7123576383692365
RF_Mordred,tdcommons/lipophilicity-astrazeneca,0.5791096051590783
MolCLR,tdcommons/lipophilicity-astrazeneca,0.7425999800988605
MoLFormer,tdcommons/lipophilicity-astrazeneca,0.5022154106524374
CheMeleon,tdcommons/lipophilicity-astrazeneca,0.4620257613261541
RF,tdcommons/lipophilicity-astrazeneca,0.7118781702947845
fastprop,tdcommons/lipophilicity-astrazeneca,0.5501623697564716
MiniCheMeleon,tdcommons/lipophilicity-astrazeneca,0.48487520864463984
CheMeleon,tdcommons/lipophilicity-astrazeneca,0.45552008050963994
Chemprop,tdcommons/lipophilicity-astrazeneca,0.45328324929873154
minimol,tdcommons/lipophilicity-astrazeneca,0.48741030835537685
fastprop,tdcommons/lipophilicity-astrazeneca,0.5265855010918208
RF,tdcommons/lipophilicity-astrazeneca,0.7095404963624338
RF_Mordred,tdcommons/lipophilicity-astrazeneca,0.5830668231589454
RF,tdcommons/lipophilicity-astrazeneca,0.7144003851662888
fastprop,tdcommons/lipophilicity-astrazeneca,0.5504940575872148
minimol,tdcommons/lipophilicity-astrazeneca,0.4900941756225768
MoLFormer,tdcommons/lipophilicity-astrazeneca,0.5139134507442026
fastprop,tdcommons/lipophilicity-astrazeneca,0.5547479983170827
MoLFormer,tdcommons/lipophilicity-astrazeneca,0.49355294375508535
RF_Mordred,tdcommons/lipophilicity-astrazeneca,0.5821450799306234
MoLFormer,tdcommons/lipophilicity-astrazeneca,0.5058922318670028
MoLFormer,tdcommons/lipophilicity-astrazeneca,0.5120986479584216
Chemprop,tdcommons/lipophilicity-astrazeneca,0.47825674462886086
fastprop,tdcommons/lipophilicity-astrazeneca,0.5336093098265784
minimol,tdcommons/lipophilicity-astrazeneca,0.46878937671298077
Chemprop,tdcommons/lipophilicity-astrazeneca,0.45633100176992863
RF,tdcommons/lipophilicity-astrazeneca,0.7142814690476189
MiniCheMeleon,tdcommons/lipophilicity-astrazeneca,0.49898194121746786
CheMeleon,tdcommons/lipophilicity-astrazeneca,0.4636812979607355
Chemprop,tdcommons/lipophilicity-astrazeneca,0.46980536438737597
minimol,tdcommons/lipophilicity-astrazeneca,0.5058347956055687
MiniCheMeleon,tdcommons/lipophilicity-astrazeneca,0.497612626007625
MolCLR,tdcommons/lipophilicity-astrazeneca,0.7608577149482
RF_Mordred,tdcommons/lipophilicity-astrazeneca,0.5853345172234944
MolCLR,tdcommons/ppbr-az,9.576218310852596
minimol,tdcommons/ppbr-az,9.081451995249086
Chemprop,tdcommons/ppbr-az,8.098037824545436
MolCLR,tdcommons/ppbr-az,10.274352580771676
RF_Mordred,tdcommons/ppbr-az,8.697385564268384
MiniCheMeleon,tdcommons/ppbr-az,7.7565661956841705
fastprop,tdcommons/ppbr-az,8.442498672567242
RF,tdcommons/ppbr-az,9.395449622314462
CheMeleon,tdcommons/ppbr-az,7.668181763241243
RF,tdcommons/ppbr-az,9.272467961524956
minimol,tdcommons/ppbr-az,9.662332561950137
MoLFormer,tdcommons/ppbr-az,10.310471324067635
Chemprop,tdcommons/ppbr-az,8.365783486681888
MiniCheMeleon,tdcommons/ppbr-az,7.748205843466552
Chemprop,tdcommons/ppbr-az,7.935351177618201
MiniCheMeleon,tdcommons/ppbr-az,7.830574638080087
CheMeleon,tdcommons/ppbr-az,7.723902495082249
RF_Mordred,tdcommons/ppbr-az,8.64394621792761
MolCLR,tdcommons/ppbr-az,9.460583823106798
fastprop,tdcommons/ppbr-az,8.146403841076683
minimol,tdcommons/ppbr-az,8.795964256655125
MolCLR,tdcommons/ppbr-az,9.671809811395908
CheMeleon,tdcommons/ppbr-az,8.056217212711122
Chemprop,tdcommons/ppbr-az,7.9328169632640435
minimol,tdcommons/ppbr-az,9.651369125011357
CheMeleon,tdcommons/ppbr-az,7.825839714910134
MiniCheMeleon,tdcommons/ppbr-az,7.693192040404181
RF_Mordred,tdcommons/ppbr-az,8.488976169920564
MolCLR,tdcommons/ppbr-az,9.370072479248046
fastprop,tdcommons/ppbr-az,8.212785119345023
MoLFormer,tdcommons/ppbr-az,10.22624198572367
MoLFormer,tdcommons/ppbr-az,10.575902495409807
minimol,tdcommons/ppbr-az,8.57939893528046
MiniCheMeleon,tdcommons/ppbr-az,7.891095384246335
MoLFormer,tdcommons/ppbr-az,10.577345024204424
Chemprop,tdcommons/ppbr-az,8.200249426062078
RF,tdcommons/ppbr-az,9.308295635517181
MoLFormer,tdcommons/ppbr-az,10.153532873163924
CheMeleon,tdcommons/ppbr-az,7.80288519106952
RF,tdcommons/ppbr-az,9.24801220295139
RF_Mordred,tdcommons/ppbr-az,8.650838637241097
RF_Mordred,tdcommons/ppbr-az,8.661894501223761
RF,tdcommons/ppbr-az,9.190342356726454
fastprop,tdcommons/ppbr-az,8.477919699134896
fastprop,tdcommons/ppbr-az,8.766118995243408
RF,polaris/adme-fang-hclint-1,0.6344981063987123
RF_Mordred,polaris/adme-fang-hclint-1,0.63798742035071
minimol,polaris/adme-fang-hclint-1,0.7180099420274828
RF_Mordred,polaris/adme-fang-hclint-1,0.6298356591737979
CheMeleon,polaris/adme-fang-hclint-1,0.7167710317978941
MiniCheMeleon,polaris/adme-fang-hclint-1,0.6612227134236691
Chemprop,polaris/adme-fang-hclint-1,0.626685908928898
CheMeleon,polaris/adme-fang-hclint-1,0.7131814694684162
Chemprop,polaris/adme-fang-hclint-1,0.6404613320422048
minimol,polaris/adme-fang-hclint-1,0.7180913260700108
MolCLR,polaris/adme-fang-hclint-1,0.5161444226079548
MolCLR,polaris/adme-fang-hclint-1,0.5069808801415129
CheMeleon,polaris/adme-fang-hclint-1,0.7133627139485433
minimol,polaris/adme-fang-hclint-1,0.7423974866309099
fastprop,polaris/adme-fang-hclint-1,0.6582023046440604
Chemprop,polaris/adme-fang-hclint-1,0.6211694042828204
MolCLR,polaris/adme-fang-hclint-1,0.5109938338633327
MiniCheMeleon,polaris/adme-fang-hclint-1,0.6550933758302928
MolCLR,polaris/adme-fang-hclint-1,0.5011019287392592
minimol,polaris/adme-fang-hclint-1,0.7227979704501122
MoLFormer,polaris/adme-fang-hclint-1,0.7046131033951475
MiniCheMeleon,polaris/adme-fang-hclint-1,0.6347104225287561
Chemprop,polaris/adme-fang-hclint-1,0.6662928003688151
fastprop,polaris/adme-fang-hclint-1,0.6489828208363397
MoLFormer,polaris/adme-fang-hclint-1,0.7095916945084295
fastprop,polaris/adme-fang-hclint-1,0.6452242176194555
minimol,polaris/adme-fang-hclint-1,0.7203062330901907
RF,polaris/adme-fang-hclint-1,0.6378675210442596
RF_Mordred,polaris/adme-fang-hclint-1,0.6344376766236837
Chemprop,polaris/adme-fang-hclint-1,0.6618933929058317
RF,polaris/adme-fang-hclint-1,0.6322776149995339
MoLFormer,polaris/adme-fang-hclint-1,0.7123970059515434
MoLFormer,polaris/adme-fang-hclint-1,0.6990324015659282
RF_Mordred,polaris/adme-fang-hclint-1,0.6351560373796259
RF,polaris/adme-fang-hclint-1,0.6287967298252345
fastprop,polaris/adme-fang-hclint-1,0.6417578777330453
MoLFormer,polaris/adme-fang-hclint-1,0.7025926795466753
MolCLR,polaris/adme-fang-hclint-1,0.508760360325342
MiniCheMeleon,polaris/adme-fang-hclint-1,0.6700567302175949
fastprop,polaris/adme-fang-hclint-1,0.6545303217655917
RF_Mordred,polaris/adme-fang-hclint-1,0.6249271871778355
RF,polaris/adme-fang-hclint-1,0.6371448617134728
CheMeleon,polaris/adme-fang-hclint-1,0.7275277687194579
MiniCheMeleon,polaris/adme-fang-hclint-1,0.6538153424971517
CheMeleon,polaris/adme-fang-hclint-1,0.7201224436011495
MiniCheMeleon,polaris/adme-fang-rclint-1,0.7263757229200902
CheMeleon,polaris/adme-fang-rclint-1,0.749084690172475
RF_Mordred,polaris/adme-fang-rclint-1,0.6361614386877628
MolCLR,polaris/adme-fang-rclint-1,0.5273544108629985
CheMeleon,polaris/adme-fang-rclint-1,0.7540787213203008
MiniCheMeleon,polaris/adme-fang-rclint-1,0.7107947405809039
RF,polaris/adme-fang-rclint-1,0.6483612894977471
fastprop,polaris/adme-fang-rclint-1,0.6804349902060638
fastprop,polaris/adme-fang-rclint-1,0.6865780819039338
MoLFormer,polaris/adme-fang-rclint-1,0.7236011874505472
MoLFormer,polaris/adme-fang-rclint-1,0.714361755632358
fastprop,polaris/adme-fang-rclint-1,0.6851278224711912
RF,polaris/adme-fang-rclint-1,0.6464926160286333
RF_Mordred,polaris/adme-fang-rclint-1,0.6442050906675219
Chemprop,polaris/adme-fang-rclint-1,0.6984992260982636
MiniCheMeleon,polaris/adme-fang-rclint-1,0.6895880580650061
minimol,polaris/adme-fang-rclint-1,0.7424773748221534
MoLFormer,polaris/adme-fang-rclint-1,0.7162816949708143
minimol,polaris/adme-fang-rclint-1,0.7360507993602234
MoLFormer,polaris/adme-fang-rclint-1,0.7276959122124786
Chemprop,polaris/adme-fang-rclint-1,0.6662869206991502
fastprop,polaris/adme-fang-rclint-1,0.6834356185236604
RF,polaris/adme-fang-rclint-1,0.6464740696107658
RF,polaris/adme-fang-rclint-1,0.6506298439480473
RF_Mordred,polaris/adme-fang-rclint-1,0.6342843257338214
MoLFormer,polaris/adme-fang-rclint-1,0.7281510457503755
minimol,polaris/adme-fang-rclint-1,0.7359894139096985
MolCLR,polaris/adme-fang-rclint-1,0.544346251541416
RF_Mordred,polaris/adme-fang-rclint-1,0.6493639594515674
MolCLR,polaris/adme-fang-rclint-1,0.5335263702785654
RF,polaris/adme-fang-rclint-1,0.6450040911565413
MolCLR,polaris/adme-fang-rclint-1,0.5413646355667361
minimol,polaris/adme-fang-rclint-1,0.6989082042777915
Chemprop,polaris/adme-fang-rclint-1,0.6843521937463056
RF_Mordred,polaris/adme-fang-rclint-1,0.6349973324108293
MiniCheMeleon,polaris/adme-fang-rclint-1,0.7259593427661447
CheMeleon,polaris/adme-fang-rclint-1,0.7441712499206925
Chemprop,polaris/adme-fang-rclint-1,0.7159101444791578
MiniCheMeleon,polaris/adme-fang-rclint-1,0.7164596785971581
MolCLR,polaris/adme-fang-rclint-1,0.5648865915044958
fastprop,polaris/adme-fang-rclint-1,0.6689941010586801
Chemprop,polaris/adme-fang-rclint-1,0.6951542598912497
CheMeleon,polaris/adme-fang-rclint-1,0.7411589637767434
minimol,polaris/adme-fang-rclint-1,0.7479982547182376
CheMeleon,polaris/adme-fang-rclint-1,0.7427290708544603
RF,polaris/adme-fang-perm-1,0.7147388191493275
MoLFormer,polaris/adme-fang-perm-1,0.7838752761631055
MoLFormer,polaris/adme-fang-perm-1,0.7940605090042357
RF_Mordred,polaris/adme-fang-perm-1,0.7226575658732739
fastprop,polaris/adme-fang-perm-1,0.7497276420801129
MiniCheMeleon,polaris/adme-fang-perm-1,0.7510817179966566
CheMeleon,polaris/adme-fang-perm-1,0.8232539216979715
MiniCheMeleon,polaris/adme-fang-perm-1,0.7321794462898669
RF_Mordred,polaris/adme-fang-perm-1,0.7297352986685504
fastprop,polaris/adme-fang-perm-1,0.7399800198301233
MoLFormer,polaris/adme-fang-perm-1,0.7874704469571652
RF,polaris/adme-fang-perm-1,0.7194948807137258
Chemprop,polaris/adme-fang-perm-1,0.6713831330953548
fastprop,polaris/adme-fang-perm-1,0.749812092808102
MiniCheMeleon,polaris/adme-fang-perm-1,0.7614073322808801
minimol,polaris/adme-fang-perm-1,0.7896882268056373
Chemprop,polaris/adme-fang-perm-1,0.6988393132095868
MiniCheMeleon,polaris/adme-fang-perm-1,0.7479910848321956
Chemprop,polaris/adme-fang-perm-1,0.7145584468046873
MolCLR,polaris/adme-fang-perm-1,0.422525873344049
MoLFormer,polaris/adme-fang-perm-1,0.8004687350665166
RF,polaris/adme-fang-perm-1,0.7156557706086468
fastprop,polaris/adme-fang-perm-1,0.7365469065828796
RF_Mordred,polaris/adme-fang-perm-1,0.7260280586863765
RF,polaris/adme-fang-perm-1,0.7180276436903776
MoLFormer,polaris/adme-fang-perm-1,0.7943214828943682
minimol,polaris/adme-fang-perm-1,0.7839008135648361
fastprop,polaris/adme-fang-perm-1,0.7446911697084346
minimol,polaris/adme-fang-perm-1,0.7908687284667666
CheMeleon,polaris/adme-fang-perm-1,0.796287971929639
Chemprop,polaris/adme-fang-perm-1,0.7030461555877876
minimol,polaris/adme-fang-perm-1,0.7940918660136109
MiniCheMeleon,polaris/adme-fang-perm-1,0.747461787753048
CheMeleon,polaris/adme-fang-perm-1,0.7927713240681578
CheMeleon,polaris/adme-fang-perm-1,0.8139506884258298
RF_Mordred,polaris/adme-fang-perm-1,0.7302612661195375
MolCLR,polaris/adme-fang-perm-1,0.42938893337062467
RF_Mordred,polaris/adme-fang-perm-1,0.7224413017476272
Chemprop,polaris/adme-fang-perm-1,0.6980057866897077
MolCLR,polaris/adme-fang-perm-1,0.4472655587647629
minimol,polaris/adme-fang-perm-1,0.8027336946541437
RF,polaris/adme-fang-perm-1,0.7176096501289605
MolCLR,polaris/adme-fang-perm-1,0.4445423035118629
CheMeleon,polaris/adme-fang-perm-1,0.796131616717727
MolCLR,polaris/adme-fang-perm-1,0.44060168745722184
CheMeleon,tdcommons/bbb-martins,0.8778533458411507
CheMeleon,tdcommons/bbb-martins,0.8690978736710445
minimol,tdcommons/bbb-martins,0.9175656660412757
MolCLR,tdcommons/bbb-martins,0.850140712945591
RF_Mordred,tdcommons/bbb-martins,0.8763289555972483
MiniCheMeleon,tdcommons/bbb-martins,0.8903025328330206
Chemprop,tdcommons/bbb-martins,0.8623749218261412
MiniCheMeleon,tdcommons/bbb-martins,0.8827782989368355
MolCLR,tdcommons/bbb-martins,0.8621404002501564
CheMeleon,tdcommons/bbb-martins,0.9028298936835523
minimol,tdcommons/bbb-martins,0.8974749843652282
CheMeleon,tdcommons/bbb-martins,0.8997029393370857
MoLFormer,tdcommons/bbb-martins,0.8920419011882427
MolCLR,tdcommons/bbb-martins,0.8431832395247029
Chemprop,tdcommons/bbb-martins,0.8951297686053784
MoLFormer,tdcommons/bbb-martins,0.8854752970606629
fastprop,tdcommons/bbb-martins,0.913578799249531
RF_Mordred,tdcommons/bbb-martins,0.8736319574734208
Chemprop,tdcommons/bbb-martins,0.8651110068792996
minimol,tdcommons/bbb-martins,0.9142041901188241
RF,tdcommons/bbb-martins,0.9167839274546592
minimol,tdcommons/bbb-martins,0.9018918073796124
MiniCheMeleon,tdcommons/bbb-martins,0.8986085053158224
MoLFormer,tdcommons/bbb-martins,0.9029080675422139
Chemprop,tdcommons/bbb-martins,0.8112883051907441
CheMeleon,tdcommons/bbb-martins,0.8801594746716698
MolCLR,tdcommons/bbb-martins,0.8558083176985617
fastprop,tdcommons/bbb-martins,0.9182301438399
RF,tdcommons/bbb-martins,0.9051360225140711
MiniCheMeleon,tdcommons/bbb-martins,0.891729205753596
MiniCheMeleon,tdcommons/bbb-martins,0.8687851782363977
RF_Mordred,tdcommons/bbb-martins,0.8828369293308319
MolCLR,tdcommons/bbb-martins,0.8574890556597873
RF_Mordred,tdcommons/bbb-martins,0.877482020012508
fastprop,tdcommons/bbb-martins,0.9186991869918699
minimol,tdcommons/bbb-martins,0.9135201688555347
MoLFormer,tdcommons/bbb-martins,0.863156660412758
RF,tdcommons/bbb-martins,0.9143214509068168
fastprop,tdcommons/bbb-martins,0.9148295809881175
MoLFormer,tdcommons/bbb-martins,0.8723420888055035
RF,tdcommons/bbb-martins,0.9180737961225766
fastprop,tdcommons/bbb-martins,0.9014227642276423
RF_Mordred,tdcommons/bbb-martins,0.874960913070669
Chemprop,tdcommons/bbb-martins,0.8851626016260162
RF,tdcommons/bbb-martins,0.9119762351469668
minimol,polaris/adme-fang-solu-1,0.6823835813116489
MolCLR,polaris/adme-fang-solu-1,0.5071055620109537
CheMeleon,polaris/adme-fang-solu-1,0.6346485607975018
Chemprop,polaris/adme-fang-solu-1,0.6150160215445122
MolCLR,polaris/adme-fang-solu-1,0.4933802513643362
Chemprop,polaris/adme-fang-solu-1,0.6110900500211651
MolCLR,polaris/adme-fang-solu-1,0.5093380743158173
MolCLR,polaris/adme-fang-solu-1,0.5112003310229661
CheMeleon,polaris/adme-fang-solu-1,0.6450086396884953
RF,polaris/adme-fang-solu-1,0.5782783995626744
minimol,polaris/adme-fang-solu-1,0.6909682575136458
MiniCheMeleon,polaris/adme-fang-solu-1,0.5774449968611113
minimol,polaris/adme-fang-solu-1,0.7002235502040565
RF_Mordred,polaris/adme-fang-solu-1,0.5373560942826231
fastprop,polaris/adme-fang-solu-1,0.5836965562479778
RF,polaris/adme-fang-solu-1,0.5739950882493573
minimol,polaris/adme-fang-solu-1,0.6810489080559204
minimol,polaris/adme-fang-solu-1,0.6797753242150979
MoLFormer,polaris/adme-fang-solu-1,0.5689684884920423
MiniCheMeleon,polaris/adme-fang-solu-1,0.6225399631693301
Chemprop,polaris/adme-fang-solu-1,0.587287999625133
RF_Mordred,polaris/adme-fang-solu-1,0.5301240232229776
MiniCheMeleon,polaris/adme-fang-solu-1,0.6177380461289217
CheMeleon,polaris/adme-fang-solu-1,0.6685387371281728
Chemprop,polaris/adme-fang-solu-1,0.5906870444756219
fastprop,polaris/adme-fang-solu-1,0.5866155015957892
MoLFormer,polaris/adme-fang-solu-1,0.597589101677514
CheMeleon,polaris/adme-fang-solu-1,0.6536492133297891
Chemprop,polaris/adme-fang-solu-1,0.5763622162909174
RF,polaris/adme-fang-solu-1,0.5790237904811822
RF_Mordred,polaris/adme-fang-solu-1,0.5293307811958299
RF,polaris/adme-fang-solu-1,0.5727381088385395
MoLFormer,polaris/adme-fang-solu-1,0.5560376659265465
RF_Mordred,polaris/adme-fang-solu-1,0.5362095232329354
fastprop,polaris/adme-fang-solu-1,0.5485783628872404
MoLFormer,polaris/adme-fang-solu-1,0.5782666080492838
fastprop,polaris/adme-fang-solu-1,0.5462900721945965
CheMeleon,polaris/adme-fang-solu-1,0.6768512300853301
RF_Mordred,polaris/adme-fang-solu-1,0.5470436836730058
RF,polaris/adme-fang-solu-1,0.5685562546868163
fastprop,polaris/adme-fang-solu-1,0.5409506824691828
MoLFormer,polaris/adme-fang-solu-1,0.5828956129679115
MiniCheMeleon,polaris/adme-fang-solu-1,0.593812747879707
MolCLR,polaris/adme-fang-solu-1,0.503364119361664
MiniCheMeleon,polaris/adme-fang-solu-1,0.6032232866719306
MiniCheMeleon,tdcommons/pgp-broccatelli,0.9032258064516129
RF,tdcommons/pgp-broccatelli,0.9253865635830445
CheMeleon,tdcommons/pgp-broccatelli,0.9100906424953346
RF_Mordred,tdcommons/pgp-broccatelli,0.886830178619035
minimol,tdcommons/pgp-broccatelli,0.9419488136496933
MolCLR,tdcommons/pgp-broccatelli,0.851506264996001
RF_Mordred,tdcommons/pgp-broccatelli,0.8985937083444414
MoLFormer,tdcommons/pgp-broccatelli,0.9236870167955212
fastprop,tdcommons/pgp-broccatelli,0.9252199413489736
MoLFormer,tdcommons/pgp-broccatelli,0.922020794454812
RF,tdcommons/pgp-broccatelli,0.9261530258597707
fastprop,tdcommons/pgp-broccatelli,0.9138896294321515
fastprop,tdcommons/pgp-broccatelli,0.9193548387096775
fastprop,tdcommons/pgp-broccatelli,0.9249533457744601
MoLFormer,tdcommons/pgp-broccatelli,0.8985603838976273
RF_Mordred,tdcommons/pgp-broccatelli,0.8921954145561184
RF,tdcommons/pgp-broccatelli,0.9199880031991469
Chemprop,tdcommons/pgp-broccatelli,0.8794321514262863
MiniCheMeleon,tdcommons/pgp-broccatelli,0.8981604905358571
CheMeleon,tdcommons/pgp-broccatelli,0.9365502532657958
RF_Mordred,tdcommons/pgp-broccatelli,0.8929618768328447
RF,tdcommons/pgp-broccatelli,0.9284857371367635
Chemprop,tdcommons/pgp-broccatelli,0.8904958677685951
Chemprop,tdcommons/pgp-broccatelli,0.8833644361503599
MoLFormer,tdcommons/pgp-broccatelli,0.9190882431351639
RF,tdcommons/pgp-broccatelli,0.923653692348707
minimol,tdcommons/pgp-broccatelli,0.936750199946681
fastprop,tdcommons/pgp-broccatelli,0.9241535590509198
Chemprop,tdcommons/pgp-broccatelli,0.871900826446281
minimol,tdcommons/pgp-broccatelli,0.9434150893095175
MolCLR,tdcommons/pgp-broccatelli,0.8515729138896293
MoLFormer,tdcommons/pgp-broccatelli,0.9023593708344442
Chemprop,tdcommons/pgp-broccatelli,0.9110237270061317
MiniCheMeleon,tdcommons/pgp-broccatelli,0.8960277259397494
RF_Mordred,tdcommons/pgp-broccatelli,0.8956611570247935
MolCLR,tdcommons/pgp-broccatelli,0.8563716342308718
MolCLR,tdcommons/pgp-broccatelli,0.8331778192482004
CheMeleon,tdcommons/pgp-broccatelli,0.9341508930951746
CheMeleon,tdcommons/pgp-broccatelli,0.9295521194348174
MolCLR,tdcommons/pgp-broccatelli,0.8426419621434285
CheMeleon,tdcommons/pgp-broccatelli,0.9240869101572914
minimol,tdcommons/pgp-broccatelli,0.9455478539056251
MiniCheMeleon,tdcommons/pgp-broccatelli,0.9064249533457743
minimol,tdcommons/pgp-broccatelli,0.9403492402026127
MiniCheMeleon,tdcommons/pgp-broccatelli,0.9023593708344441
MoLFormer,tdcommons/clearance-hepatocyte-az,0.24435213942397913
RF,tdcommons/clearance-hepatocyte-az,0.4533001331792948
MolCLR,tdcommons/clearance-hepatocyte-az,0.2821261656534393
fastprop,tdcommons/clearance-hepatocyte-az,0.3369398409280782
RF_Mordred,tdcommons/clearance-hepatocyte-az,0.2963675047906221
CheMeleon,tdcommons/clearance-hepatocyte-az,0.293650393726857
MolCLR,tdcommons/clearance-hepatocyte-az,0.28129221338590055
MolCLR,tdcommons/clearance-hepatocyte-az,0.23629560406643527
CheMeleon,tdcommons/clearance-hepatocyte-az,0.4025948972482501
MolCLR,tdcommons/clearance-hepatocyte-az,0.26396164776163283
MiniCheMeleon,tdcommons/clearance-hepatocyte-az,0.3769079336056327
minimol,tdcommons/clearance-hepatocyte-az,0.4377218100910761
MiniCheMeleon,tdcommons/clearance-hepatocyte-az,0.37534961482470314
minimol,tdcommons/clearance-hepatocyte-az,0.39263433177685103
CheMeleon,tdcommons/clearance-hepatocyte-az,0.40744604550529934
Chemprop,tdcommons/clearance-hepatocyte-az,0.3788209216347244
MoLFormer,tdcommons/clearance-hepatocyte-az,0.30740918748954443
RF_Mordred,tdcommons/clearance-hepatocyte-az,0.3072888711232589
MiniCheMeleon,tdcommons/clearance-hepatocyte-az,0.3622909254991424
MolCLR,tdcommons/clearance-hepatocyte-az,0.2820682552682827
RF,tdcommons/clearance-hepatocyte-az,0.4652065606315913
CheMeleon,tdcommons/clearance-hepatocyte-az,0.40159879139889854
RF,tdcommons/clearance-hepatocyte-az,0.4448378490617916
RF_Mordred,tdcommons/clearance-hepatocyte-az,0.31439475338345674
fastprop,tdcommons/clearance-hepatocyte-az,0.3834271645392779
RF,tdcommons/clearance-hepatocyte-az,0.45578778006655485
MiniCheMeleon,tdcommons/clearance-hepatocyte-az,0.3681029890462702
MiniCheMeleon,tdcommons/clearance-hepatocyte-az,0.36407271447550865
MoLFormer,tdcommons/clearance-hepatocyte-az,0.2153920289958245
MoLFormer,tdcommons/clearance-hepatocyte-az,0.2204269262078558
Chemprop,tdcommons/clearance-hepatocyte-az,0.36199257785045064
minimol,tdcommons/clearance-hepatocyte-az,0.3936382117966009
fastprop,tdcommons/clearance-hepatocyte-az,0.3381819840968773
fastprop,tdcommons/clearance-hepatocyte-az,0.3278109077713852
minimol,tdcommons/clearance-hepatocyte-az,0.40572717828312754
minimol,tdcommons/clearance-hepatocyte-az,0.4624006817172439
Chemprop,tdcommons/clearance-hepatocyte-az,0.32809901901089467
CheMeleon,tdcommons/clearance-hepatocyte-az,0.3997291117476971
RF_Mordred,tdcommons/clearance-hepatocyte-az,0.3203156218191087
Chemprop,tdcommons/clearance-hepatocyte-az,0.342526253427613
Chemprop,tdcommons/clearance-hepatocyte-az,0.350121412256134
RF,tdcommons/clearance-hepatocyte-az,0.4549640253306689
MoLFormer,tdcommons/clearance-hepatocyte-az,0.26674747648073166
fastprop,tdcommons/clearance-hepatocyte-az,0.3791857307971865
RF_Mordred,tdcommons/clearance-hepatocyte-az,0.32616297823090545
RF_Mordred,tdcommons/vdss-lombardo,0.5194109467472516
MiniCheMeleon,tdcommons/vdss-lombardo,0.4443855016226736
RF,tdcommons/vdss-lombardo,0.553040642806498
MiniCheMeleon,tdcommons/vdss-lombardo,0.04343388230048987
MoLFormer,tdcommons/vdss-lombardo,0.586200938457843
fastprop,tdcommons/vdss-lombardo,0.5221281671346515
fastprop,tdcommons/vdss-lombardo,0.5407531091740178
minimol,tdcommons/vdss-lombardo,0.2968226959658971
MolCLR,tdcommons/vdss-lombardo,0.5175547121023981
CheMeleon,tdcommons/vdss-lombardo,0.5368017810384472
CheMeleon,tdcommons/vdss-lombardo,0.5428147850578094
Chemprop,tdcommons/vdss-lombardo,0.5251649545976853
minimol,tdcommons/vdss-lombardo,0.4803355186892362
CheMeleon,tdcommons/vdss-lombardo,0.5466590234966974
CheMeleon,tdcommons/vdss-lombardo,0.5652787574255806
RF_Mordred,tdcommons/vdss-lombardo,0.4812788887642876
Chemprop,tdcommons/vdss-lombardo,0.49661296523173326
MiniCheMeleon,tdcommons/vdss-lombardo,0.5076706720921208
MolCLR,tdcommons/vdss-lombardo,0.41794446407637437
MolCLR,tdcommons/vdss-lombardo,0.49753958394658565
MiniCheMeleon,tdcommons/vdss-lombardo,0.5013887621942842
MiniCheMeleon,tdcommons/vdss-lombardo,0.4658804923626329
CheMeleon,tdcommons/vdss-lombardo,0.5361865278279186
RF_Mordred,tdcommons/vdss-lombardo,0.47100158877215087
MolCLR,tdcommons/vdss-lombardo,0.34233121144414513
MolCLR,tdcommons/vdss-lombardo,0.4926359030752743
RF,tdcommons/vdss-lombardo,0.5068645312029815
RF,tdcommons/vdss-lombardo,0.5225934267953982
Chemprop,tdcommons/vdss-lombardo,0.3284988857636628
fastprop,tdcommons/vdss-lombardo,0.4879282030889926
RF,tdcommons/vdss-lombardo,0.5227322249288276
RF,tdcommons/vdss-lombardo,0.4970909592681226
Chemprop,tdcommons/vdss-lombardo,0.5315330320980965
fastprop,tdcommons/vdss-lombardo,0.5156685955766196
MoLFormer,tdcommons/vdss-lombardo,0.588741928699666
minimol,tdcommons/vdss-lombardo,0.36215341888761426
MoLFormer,tdcommons/vdss-lombardo,0.6031415665266907
Chemprop,tdcommons/vdss-lombardo,0.4966977013674516
minimol,tdcommons/vdss-lombardo,0.06579416276993329
RF_Mordred,tdcommons/vdss-lombardo,0.48527336388515635
MoLFormer,tdcommons/vdss-lombardo,0.6530994724636123
MoLFormer,tdcommons/vdss-lombardo,0.5655377180973229
fastprop,tdcommons/vdss-lombardo,0.4528523032574587
minimol,tdcommons/vdss-lombardo,-0.14297990054141865
RF_Mordred,tdcommons/vdss-lombardo,0.4872206964987398
RF,tdcommons/clearance-microsome-az,0.6001440257929367
RF_Mordred,tdcommons/clearance-microsome-az,0.4993951109302643
MoLFormer,tdcommons/clearance-microsome-az,-0.06859023796430883
MolCLR,tdcommons/clearance-microsome-az,0.39379763024385145
fastprop,tdcommons/clearance-microsome-az,0.5348996733716542
RF,tdcommons/clearance-microsome-az,0.5868707224404046
MiniCheMeleon,tdcommons/clearance-microsome-az,0.6059141425300436
RF_Mordred,tdcommons/clearance-microsome-az,0.5318006368234307
RF_Mordred,tdcommons/clearance-microsome-az,0.5097795818862642
minimol,tdcommons/clearance-microsome-az,0.6001469835875571
Chemprop,tdcommons/clearance-microsome-az,0.4519009502421633
MoLFormer,tdcommons/clearance-microsome-az,0.4079770559474727
fastprop,tdcommons/clearance-microsome-az,0.5307195247150402
minimol,tdcommons/clearance-microsome-az,0.6189513928863113
MolCLR,tdcommons/clearance-microsome-az,0.4306576606337852
fastprop,tdcommons/clearance-microsome-az,0.4969482639250949
fastprop,tdcommons/clearance-microsome-az,0.5441541748144705
RF_Mordred,tdcommons/clearance-microsome-az,0.485207715931403
MiniCheMeleon,tdcommons/clearance-microsome-az,0.47416196568262
MoLFormer,tdcommons/clearance-microsome-az,0.2308833556845446
RF,tdcommons/clearance-microsome-az,0.5996940833064102
MoLFormer,tdcommons/clearance-microsome-az,0.23813593023416166
minimol,tdcommons/clearance-microsome-az,0.5894875536276621
RF_Mordred,tdcommons/clearance-microsome-az,0.5134507045580553
fastprop,tdcommons/clearance-microsome-az,0.528328352426961
Chemprop,tdcommons/clearance-microsome-az,0.5699130397714653
CheMeleon,tdcommons/clearance-microsome-az,0.5997660171292877
MiniCheMeleon,tdcommons/clearance-microsome-az,0.5191102099830606
CheMeleon,tdcommons/clearance-microsome-az,0.5929123534533197
MolCLR,tdcommons/clearance-microsome-az,0.4178928256590399
MolCLR,tdcommons/clearance-microsome-az,0.40398041105685306
Chemprop,tdcommons/clearance-microsome-az,0.5037062168989814
minimol,tdcommons/clearance-microsome-az,0.5603287889247056
MiniCheMeleon,tdcommons/clearance-microsome-az,0.5588945976475244
minimol,tdcommons/clearance-microsome-az,0.5734668786359743
MiniCheMeleon,tdcommons/clearance-microsome-az,0.5358843419990694
CheMeleon,tdcommons/clearance-microsome-az,0.6293593687991198
MolCLR,tdcommons/clearance-microsome-az,0.3591287952118593
CheMeleon,tdcommons/clearance-microsome-az,0.5892957733006992
Chemprop,tdcommons/clearance-microsome-az,0.5022098185134957
MoLFormer,tdcommons/clearance-microsome-az,0.42015673893396804
CheMeleon,tdcommons/clearance-microsome-az,0.6058123983049616
RF,tdcommons/clearance-microsome-az,0.5897629663784179
Chemprop,tdcommons/clearance-microsome-az,0.5372087247155588
RF,tdcommons/clearance-microsome-az,0.585619745981653
minimol,tdcommons/caco2-wang,0.3147927756907704
CheMeleon,tdcommons/caco2-wang,0.4181962071691157
RF_Mordred,tdcommons/caco2-wang,0.32228319391201155
MiniCheMeleon,tdcommons/caco2-wang,0.30715956771213415
MiniCheMeleon,tdcommons/caco2-wang,0.33195387908117285
RF_Mordred,tdcommons/caco2-wang,0.3132711822529553
MoLFormer,tdcommons/caco2-wang,0.39315628053354124
RF,tdcommons/caco2-wang,0.32387756803637885
RF_Mordred,tdcommons/caco2-wang,0.32723547235680894
fastprop,tdcommons/caco2-wang,0.3094632692442172
minimol,tdcommons/caco2-wang,0.38719355355358764
fastprop,tdcommons/caco2-wang,0.2777430246384004
RF,tdcommons/caco2-wang,0.320607986736685
MiniCheMeleon,tdcommons/caco2-wang,0.3350554673688282
MolCLR,tdcommons/caco2-wang,0.4358692079098545
fastprop,tdcommons/caco2-wang,0.3029325581849655
MoLFormer,tdcommons/caco2-wang,0.3897842759719681
MoLFormer,tdcommons/caco2-wang,0.40210241421089593
RF,tdcommons/caco2-wang,0.31802584913170856
fastprop,tdcommons/caco2-wang,0.27502936638384823
Chemprop,tdcommons/caco2-wang,0.3744417314088593
MolCLR,tdcommons/caco2-wang,0.4478050710810399
RF,tdcommons/caco2-wang,0.32033651009986397
Chemprop,tdcommons/caco2-wang,0.40906376247206483
minimol,tdcommons/caco2-wang,0.2861945715467851
MoLFormer,tdcommons/caco2-wang,0.5794993542581077
minimol,tdcommons/caco2-wang,0.3150544684390561
RF_Mordred,tdcommons/caco2-wang,0.30536391653066797
Chemprop,tdcommons/caco2-wang,0.3357260554730762
Chemprop,tdcommons/caco2-wang,0.3762340911022146
Chemprop,tdcommons/caco2-wang,0.36397031237585054
MoLFormer,tdcommons/caco2-wang,0.3685751035199846
fastprop,tdcommons/caco2-wang,0.284479731069326
RF,tdcommons/caco2-wang,0.31536758418137095
MiniCheMeleon,tdcommons/caco2-wang,0.3148038981963106
CheMeleon,tdcommons/caco2-wang,0.4058060832946107
RF_Mordred,tdcommons/caco2-wang,0.31317674360841197
MolCLR,tdcommons/caco2-wang,0.4403181163049719
CheMeleon,tdcommons/caco2-wang,0.3473817895933047
minimol,tdcommons/caco2-wang,0.3214661115986919
CheMeleon,tdcommons/caco2-wang,0.35035140581685165
CheMeleon,tdcommons/caco2-wang,0.35597873534294383
MiniCheMeleon,tdcommons/caco2-wang,0.33561909182886823
MolCLR,tdcommons/caco2-wang,0.4531897103954609
MolCLR,tdcommons/caco2-wang,0.4391630202899305
MolCLR,tdcommons/cyp3a4-substrate-carbonmangels,0.5680379746835443
minimol,tdcommons/cyp3a4-substrate-carbonmangels,0.6480560578661844
CheMeleon,tdcommons/cyp3a4-substrate-carbonmangels,0.6127938517179025
CheMeleon,tdcommons/cyp3a4-substrate-carbonmangels,0.613245931283906
MiniCheMeleon,tdcommons/cyp3a4-substrate-carbonmangels,0.5925632911392404
MolCLR,tdcommons/cyp3a4-substrate-carbonmangels,0.6078209764918625
CheMeleon,tdcommons/cyp3a4-substrate-carbonmangels,0.6125678119349005
Chemprop,tdcommons/cyp3a4-substrate-carbonmangels,0.5639692585895117
minimol,tdcommons/cyp3a4-substrate-carbonmangels,0.6914556962025317
RF_Mordred,tdcommons/cyp3a4-substrate-carbonmangels,0.6526898734177217
MolCLR,tdcommons/cyp3a4-substrate-carbonmangels,0.6035262206148282
CheMeleon,tdcommons/cyp3a4-substrate-carbonmangels,0.6161844484629294
RF,tdcommons/cyp3a4-substrate-carbonmangels,0.6635397830018083
Chemprop,tdcommons/cyp3a4-substrate-carbonmangels,0.5687160940325499
MoLFormer,tdcommons/cyp3a4-substrate-carbonmangels,0.6234177215189873
MiniCheMeleon,tdcommons/cyp3a4-substrate-carbonmangels,0.5527802893309223
RF,tdcommons/cyp3a4-substrate-carbonmangels,0.6653481012658228
fastprop,tdcommons/cyp3a4-substrate-carbonmangels,0.5997965641952984
minimol,tdcommons/cyp3a4-substrate-carbonmangels,0.6534810126582278
MoLFormer,tdcommons/cyp3a4-substrate-carbonmangels,0.6139240506329114
Chemprop,tdcommons/cyp3a4-substrate-carbonmangels,0.5732368896925859
minimol,tdcommons/cyp3a4-substrate-carbonmangels,0.6471518987341773
RF_Mordred,tdcommons/cyp3a4-substrate-carbonmangels,0.656984629294756
Chemprop,tdcommons/cyp3a4-substrate-carbonmangels,0.5162748643761302
MiniCheMeleon,tdcommons/cyp3a4-substrate-carbonmangels,0.5683770343580471
Chemprop,tdcommons/cyp3a4-substrate-carbonmangels,0.6055605786618444
MoLFormer,tdcommons/cyp3a4-substrate-carbonmangels,0.6236437613019892
fastprop,tdcommons/cyp3a4-substrate-carbonmangels,0.5966320072332731
fastprop,tdcommons/cyp3a4-substrate-carbonmangels,0.5914330922242313
RF,tdcommons/cyp3a4-substrate-carbonmangels,0.6689647377938517
RF,tdcommons/cyp3a4-substrate-carbonmangels,0.6742766726943943
fastprop,tdcommons/cyp3a4-substrate-carbonmangels,0.6224005424954792
fastprop,tdcommons/cyp3a4-substrate-carbonmangels,0.6108725135623869
MoLFormer,tdcommons/cyp3a4-substrate-carbonmangels,0.6222875226039782
RF_Mordred,tdcommons/cyp3a4-substrate-carbonmangels,0.6482820976491862
MoLFormer,tdcommons/cyp3a4-substrate-carbonmangels,0.6476039783001808
RF_Mordred,tdcommons/cyp3a4-substrate-carbonmangels,0.6768761301989151
RF,tdcommons/cyp3a4-substrate-carbonmangels,0.6772151898734178
MolCLR,tdcommons/cyp3a4-substrate-carbonmangels,0.6089511754068716
RF_Mordred,tdcommons/cyp3a4-substrate-carbonmangels,0.6653481012658228
minimol,tdcommons/cyp3a4-substrate-carbonmangels,0.6794755877034357
CheMeleon,tdcommons/cyp3a4-substrate-carbonmangels,0.5922242314647379
MolCLR,tdcommons/cyp3a4-substrate-carbonmangels,0.5965189873417721
MiniCheMeleon,tdcommons/cyp3a4-substrate-carbonmangels,0.5986663652802894
MiniCheMeleon,tdcommons/cyp3a4-substrate-carbonmangels,0.5863471971066908
MiniCheMeleon,tdcommons/cyp2c9-substrate-carbonmangels,0.4065795095405495
MolCLR,polaris/pkis2-ret-wt-cls-v2,0.4214669177585326
MolCLR,polaris/pkis2-ret-wt-reg-v2,1091.1300382213092
CheMeleon,polaris/pkis2-ret-wt-cls-v2,0.5945037187051706
CheMeleon,polaris/pkis2-ret-wt-reg-v2,664.25045522087
minimol,tdcommons/cyp2c9-substrate-carbonmangels,0.47405761625596876
RF_Mordred,polaris/pkis2-ret-wt-cls-v2,0.4949917083755303
RF_Mordred,polaris/pkis2-ret-wt-reg-v2,985.1270057767781
minimol,polaris/pkis2-ret-wt-cls-v2,0.7936038293694003
minimol,polaris/pkis2-ret-wt-reg-v2,521.2265984175505
RF,tdcommons/cyp2c9-substrate-carbonmangels,0.4160837320130524
MolCLR,polaris/pkis2-ret-wt-reg-v2,1210.5531032890285
Chemprop,polaris/pkis2-ret-wt-cls-v2,0.4739126076126694
Chemprop,polaris/pkis2-ret-wt-reg-v2,1104.5430837924507
CheMeleon,tdcommons/cyp2c9-substrate-carbonmangels,0.4314085494236235
CheMeleon,polaris/pkis2-ret-wt-cls-v2,0.5482528192999347
CheMeleon,polaris/pkis2-ret-wt-reg-v2,611.9523863815442
CheMeleon,polaris/pkis2-ret-wt-cls-v2,0.6403218252177856
minimol,tdcommons/cyp2c9-substrate-carbonmangels,0.45346837212824403
minimol,polaris/pkis2-ret-wt-cls-v2,0.8655134081200655
minimol,polaris/pkis2-ret-wt-reg-v2,674.2035546893727
RF_Mordred,tdcommons/cyp2c9-substrate-carbonmangels,0.33036171963693695
minimol,tdcommons/cyp2c9-substrate-carbonmangels,0.49292329509828714
RF,polaris/pkis2-ret-wt-cls-v2,0.6891356493523677
RF,polaris/pkis2-ret-wt-reg-v2,785.1822320018248
minimol,polaris/pkis2-ret-wt-cls-v2,0.851023194874565
MolCLR,polaris/pkis2-ret-wt-reg-v2,1156.5889172439931
CheMeleon,polaris/pkis2-ret-wt-reg-v2,641.2001377701413
Chemprop,tdcommons/cyp2c9-substrate-carbonmangels,0.4297984010324548
CheMeleon,tdcommons/cyp2c9-substrate-carbonmangels,0.42096676248632114
MiniCheMeleon,tdcommons/cyp2c9-substrate-carbonmangels,0.37311779913941606
MiniCheMeleon,polaris/pkis2-ret-wt-cls-v2,0.5561318285999379
MiniCheMeleon,polaris/pkis2-ret-wt-reg-v2,888.8337747202851
MolCLR,polaris/pkis2-ret-wt-cls-v2,0.5332184807858262
minimol,polaris/pkis2-ret-wt-reg-v2,579.1713339566504
minimol,tdcommons/cyp2c9-substrate-carbonmangels,0.3942111295577495
RF_Mordred,polaris/pkis2-ret-wt-cls-v2,0.43514913531571775
RF_Mordred,polaris/pkis2-ret-wt-reg-v2,979.7387156693242
minimol,polaris/pkis2-ret-wt-cls-v2,0.8435786435786435
minimol,polaris/pkis2-ret-wt-reg-v2,545.3547172992594
fastprop,tdcommons/cyp2c9-substrate-carbonmangels,0.44510197721391337
Chemprop,polaris/pkis2-ret-wt-reg-v2,984.032039975163
CheMeleon,polaris/pkis2-ret-wt-cls-v2,0.6081510032034985
CheMeleon,polaris/pkis2-ret-wt-reg-v2,561.6101160284434
MolCLR,tdcommons/cyp2c9-substrate-carbonmangels,0.4067556255591499
MiniCheMeleon,polaris/pkis2-ret-wt-cls-v2,0.6129559965520487
MiniCheMeleon,polaris/pkis2-ret-wt-reg-v2,923.2979270591288
MolCLR,tdcommons/cyp2c9-substrate-carbonmangels,0.4180653314368723
MolCLR,polaris/pkis2-ret-wt-cls-v2,0.5675393108049313
RF,tdcommons/cyp2c9-substrate-carbonmangels,0.39867322557194307
fastprop,polaris/pkis2-ret-wt-cls-v2,0.6659097672170222
fastprop,polaris/pkis2-ret-wt-reg-v2,782.4439412258906
RF_Mordred,tdcommons/cyp2c9-substrate-carbonmangels,0.34351108659354856
minimol,polaris/pkis2-ret-wt-cls-v2,0.8623959026570415
minimol,polaris/pkis2-ret-wt-reg-v2,688.6875008135049
RF,polaris/pkis2-ret-wt-cls-v2,0.684744313420784
RF,polaris/pkis2-ret-wt-reg-v2,794.0454216518871
Chemprop,tdcommons/cyp2c9-substrate-carbonmangels,0.40014299004059595
Chemprop,polaris/pkis2-ret-wt-cls-v2,0.4346721144698639
Chemprop,polaris/pkis2-ret-wt-reg-v2,933.6224968353667
CheMeleon,tdcommons/cyp2c9-substrate-carbonmangels,0.4146191937388589
MiniCheMeleon,tdcommons/cyp2c9-substrate-carbonmangels,0.3541011046922578
Chemprop,polaris/pkis2-ret-wt-cls-v2,0.5900259406865028
RF_Mordred,polaris/pkis2-ret-wt-cls-v2,0.4242545472901411
RF_Mordred,polaris/pkis2-ret-wt-reg-v2,991.7041834116138
minimol,tdcommons/cyp2c9-substrate-carbonmangels,0.43363996879977773
MoLFormer,polaris/pkis2-ret-wt-cls-v2,0.6852654827355725
MoLFormer,polaris/pkis2-ret-wt-reg-v2,1359.0186003050162
RF_Mordred,tdcommons/cyp2c9-substrate-carbonmangels,0.35232675685189485
MoLFormer,tdcommons/cyp2c9-substrate-carbonmangels,0.3505828619738079
fastprop,tdcommons/cyp2c9-substrate-carbonmangels,0.35818866208083505
RF,tdcommons/cyp2c9-substrate-carbonmangels,0.4132760599080295
fastprop,polaris/pkis2-ret-wt-cls-v2,0.44383307588392185
fastprop,polaris/pkis2-ret-wt-reg-v2,795.1300875648799
MiniCheMeleon,polaris/pkis2-ret-wt-reg-v2,871.6766075191902
MolCLR,polaris/pkis2-ret-wt-cls-v2,0.5430743025549936
MolCLR,polaris/pkis2-ret-wt-reg-v2,1173.3307860301802
Chemprop,tdcommons/cyp2c9-substrate-carbonmangels,0.42102733032277095
CheMeleon,polaris/pkis2-ret-wt-cls-v2,0.5317612155073456
CheMeleon,polaris/pkis2-ret-wt-reg-v2,710.0262995116599
RF_Mordred,tdcommons/cyp2c9-substrate-carbonmangels,0.3432361645904026
RF_Mordred,polaris/pkis2-ret-wt-cls-v2,0.41899042410611353
RF_Mordred,polaris/pkis2-ret-wt-reg-v2,989.0696491188388
MoLFormer,polaris/pkis2-ret-wt-cls-v2,0.7414323492607899
MoLFormer,polaris/pkis2-ret-wt-reg-v2,1124.4250269297188
RF,polaris/pkis2-ret-wt-cls-v2,0.7263028559842695
RF,polaris/pkis2-ret-wt-reg-v2,784.5883325938678
MiniCheMeleon,tdcommons/cyp2c9-substrate-carbonmangels,0.38746639522818255
Chemprop,polaris/pkis2-ret-wt-cls-v2,0.35274508950310246
Chemprop,polaris/pkis2-ret-wt-reg-v2,1041.4011348866725
MoLFormer,tdcommons/cyp2c9-substrate-carbonmangels,0.3486534162171543
MolCLR,tdcommons/cyp2c9-substrate-carbonmangels,0.4165828382448885
MiniCheMeleon,polaris/pkis2-ret-wt-cls-v2,0.6718550461017827
fastprop,tdcommons/cyp2c9-substrate-carbonmangels,0.3126853749471482
RF_Mordred,polaris/pkis2-ret-wt-cls-v2,0.42453568106157136
RF_Mordred,polaris/pkis2-ret-wt-reg-v2,948.7332679787094
MoLFormer,tdcommons/cyp2c9-substrate-carbonmangels,0.3651473277170073
RF,tdcommons/cyp2c9-substrate-carbonmangels,0.3967890770422068
RF,polaris/pkis2-ret-wt-cls-v2,0.7073304209656397
RF,polaris/pkis2-ret-wt-reg-v2,793.2084259264572
fastprop,tdcommons/cyp2c9-substrate-carbonmangels,0.3813706859417536
fastprop,polaris/pkis2-ret-wt-cls-v2,0.6111087631652372
fastprop,polaris/pkis2-ret-wt-reg-v2,853.1739460940686
MoLFormer,tdcommons/cyp2c9-substrate-carbonmangels,0.41888232660977864
Chemprop,tdcommons/cyp2c9-substrate-carbonmangels,0.425856086082614
MoLFormer,polaris/pkis2-ret-wt-cls-v2,0.7163410770902874
MoLFormer,polaris/pkis2-ret-wt-reg-v2,1266.1856204926735
RF,tdcommons/cyp2c9-substrate-carbonmangels,0.4136149327137728
fastprop,polaris/pkis2-ret-wt-cls-v2,0.6592849474427518
MiniCheMeleon,polaris/pkis2-ret-wt-cls-v2,0.572102636945758
MiniCheMeleon,polaris/pkis2-ret-wt-reg-v2,933.7997424232619
fastprop,polaris/pkis2-ret-wt-cls-v2,0.634433064559178
fastprop,polaris/pkis2-ret-wt-reg-v2,822.5000476439109
Chemprop,tdcommons/cyp2c9-substrate-carbonmangels,0.38480445164187416
MoLFormer,tdcommons/cyp2c9-substrate-carbonmangels,0.3679248145195101
MoLFormer,polaris/pkis2-ret-wt-cls-v2,0.7177664339332828
MoLFormer,polaris/pkis2-ret-wt-reg-v2,1251.0552233308902
fastprop,polaris/pkis2-ret-wt-reg-v2,752.2830033703634
Chemprop,polaris/pkis2-ret-wt-cls-v2,0.31382114883988477
Chemprop,polaris/pkis2-ret-wt-reg-v2,1092.7222070584412
MoLFormer,polaris/pkis2-ret-wt-cls-v2,0.6988742588290531
MoLFormer,polaris/pkis2-ret-wt-reg-v2,1199.57142577541
fastprop,tdcommons/cyp2c9-substrate-carbonmangels,0.38174971855565254
MiniCheMeleon,polaris/pkis2-ret-wt-cls-v2,0.5966267686917963
MiniCheMeleon,polaris/pkis2-ret-wt-reg-v2,930.8792413877337
RF_Mordred,tdcommons/cyp2c9-substrate-carbonmangels,0.3356268655279182
RF,polaris/pkis2-ret-wt-cls-v2,0.6935349142279312
RF,polaris/pkis2-ret-wt-reg-v2,776.8594695047798
CheMeleon,tdcommons/cyp2c9-substrate-carbonmangels,0.43874957502411227
CheMeleon,tdcommons/cyp2c9-substrate-carbonmangels,0.42247572891322843
MolCLR,tdcommons/cyp2c9-substrate-carbonmangels,0.3298385700473394
MiniCheMeleon,tdcommons/cyp2c9-substrate-carbonmangels,0.38109759130696175
MolCLR,polaris/pkis2-ret-wt-cls-v2,0.5637662896043414
MolCLR,polaris/pkis2-ret-wt-reg-v2,1185.5225576093517
MolCLR,tdcommons/cyp2c9-substrate-carbonmangels,0.4078373143772182
MiniCheMeleon,tdcommons/half-life-obach,0.006357433405130812
MiniCheMeleon,tdcommons/cyp2d6-substrate-carbonmangels,0.5703118159550231
CheMeleon,tdcommons/half-life-obach,0.3511311786321325
MolCLR,tdcommons/half-life-obach,0.03468713549745503
RF_Mordred,tdcommons/cyp2d6-substrate-carbonmangels,0.6344978484837788
RF_Mordred,tdcommons/half-life-obach,0.31917291357963185
CheMeleon,tdcommons/cyp2d6-substrate-carbonmangels,0.6218755362650977
minimol,tdcommons/cyp2d6-substrate-carbonmangels,0.6769959008712423
fastprop,tdcommons/cyp2d6-substrate-carbonmangels,0.6805029819309203
fastprop,tdcommons/half-life-obach,0.27926486624613855
Chemprop,tdcommons/cyp2d6-substrate-carbonmangels,0.7015437006935749
Chemprop,tdcommons/half-life-obach,0.268837190537759
Chemprop,tdcommons/cyp2d6-substrate-carbonmangels,0.5966243026911265
Chemprop,tdcommons/half-life-obach,0.24698074633759062
MoLFormer,tdcommons/cyp2d6-substrate-carbonmangels,0.6599357238188415
MoLFormer,tdcommons/half-life-obach,0.16463655669314392
fastprop,tdcommons/cyp2d6-substrate-carbonmangels,0.6783196065152546
MoLFormer,tdcommons/cyp2d6-substrate-carbonmangels,0.6697090313365345
MoLFormer,tdcommons/half-life-obach,-0.23907852284533956
fastprop,tdcommons/half-life-obach,0.3489832151631764
MoLFormer,tdcommons/half-life-obach,0.32744137925182043
MoLFormer,tdcommons/cyp2d6-substrate-carbonmangels,0.700692245822261
RF,tdcommons/half-life-obach,0.33946555389562416
RF,tdcommons/cyp2d6-substrate-carbonmangels,0.6922988396586933
RF,tdcommons/half-life-obach,0.3720856232152395
RF,tdcommons/cyp2d6-substrate-carbonmangels,0.7025139499944251
RF_Mordred,tdcommons/cyp2d6-substrate-carbonmangels,0.6029586839510781
RF_Mordred,tdcommons/half-life-obach,0.3525540122109843
MiniCheMeleon,tdcommons/half-life-obach,-0.00019512504586691998
MiniCheMeleon,tdcommons/cyp2d6-substrate-carbonmangels,0.6428232735270917
CheMeleon,tdcommons/cyp2d6-substrate-carbonmangels,0.6490982528346334
CheMeleon,tdcommons/half-life-obach,0.29727508394543817
MolCLR,tdcommons/half-life-obach,0.034674940182088346
MolCLR,tdcommons/cyp2d6-substrate-carbonmangels,0.6299095276028865
fastprop,tdcommons/cyp2d6-substrate-carbonmangels,0.6021082373587222
fastprop,tdcommons/half-life-obach,0.10228113989160104
minimol,tdcommons/half-life-obach,0.02132353492049774
RF,tdcommons/half-life-obach,0.39942999267405566
Chemprop,tdcommons/half-life-obach,0.3012279481516677
Chemprop,tdcommons/cyp2d6-substrate-carbonmangels,0.6475307427498239
Chemprop,tdcommons/cyp2d6-substrate-carbonmangels,0.6737990570367647
RF_Mordred,tdcommons/cyp2d6-substrate-carbonmangels,0.6390512967621402
RF_Mordred,tdcommons/half-life-obach,0.3211509985562523
Chemprop,tdcommons/half-life-obach,0.25615162349333587
MolCLR,tdcommons/half-life-obach,0.016923439134345304
MolCLR,tdcommons/cyp2d6-substrate-carbonmangels,0.6687892091399383
MiniCheMeleon,tdcommons/half-life-obach,0.3395021398863371
MiniCheMeleon,tdcommons/cyp2d6-substrate-carbonmangels,0.6160478609634006
fastprop,tdcommons/half-life-obach,0.2961359066694225
fastprop,tdcommons/cyp2d6-substrate-carbonmangels,0.6905762892677276
MoLFormer,tdcommons/half-life-obach,0.31276311557508946
MoLFormer,tdcommons/cyp2d6-substrate-carbonmangels,0.6608892691759787
minimol,tdcommons/half-life-obach,0.2547763025934197
minimol,tdcommons/cyp2d6-substrate-carbonmangels,0.7201128360532533
RF_Mordred,tdcommons/half-life-obach,0.345166072144174
RF_Mordred,tdcommons/cyp2d6-substrate-carbonmangels,0.6165837305604205
CheMeleon,tdcommons/half-life-obach,0.33978790147375665
minimol,tdcommons/half-life-obach,0.16967972726127842
CheMeleon,tdcommons/half-life-obach,0.3436928366925081
CheMeleon,tdcommons/cyp2d6-substrate-carbonmangels,0.6524479568457082
CheMeleon,tdcommons/cyp2d6-substrate-carbonmangels,0.7015338307210306
MolCLR,tdcommons/cyp2d6-substrate-carbonmangels,0.6639412865528457
MiniCheMeleon,tdcommons/half-life-obach,0.0737561377441683
MolCLR,tdcommons/cyp2d6-substrate-carbonmangels,0.6755463256455024
MiniCheMeleon,tdcommons/cyp2d6-substrate-carbonmangels,0.542441197713958
RF,tdcommons/cyp2d6-substrate-carbonmangels,0.69928994326819
RF,tdcommons/half-life-obach,0.36573917335957634
minimol,tdcommons/cyp2d6-substrate-carbonmangels,0.6674310271234267
MolCLR,tdcommons/half-life-obach,0.03198221454912485
fastprop,tdcommons/cyp2d6-substrate-carbonmangels,0.5947285612286788
MiniCheMeleon,tdcommons/half-life-obach,0.098341803585391
Chemprop,tdcommons/cyp2d6-substrate-carbonmangels,0.6579043524525793
Chemprop,tdcommons/half-life-obach,0.30212881354276194
CheMeleon,tdcommons/cyp2d6-substrate-carbonmangels,0.7149021430777118
CheMeleon,tdcommons/half-life-obach,0.29115060403645315
MiniCheMeleon,tdcommons/cyp2d6-substrate-carbonmangels,0.5724496849157008
fastprop,tdcommons/half-life-obach,0.24911065593053056
RF,tdcommons/cyp2d6-substrate-carbonmangels,0.6903382240894126
minimol,tdcommons/cyp2d6-substrate-carbonmangels,0.6494219169669492
minimol,tdcommons/half-life-obach,0.3371850271411872
MoLFormer,tdcommons/half-life-obach,0.12416217119104643
MoLFormer,tdcommons/cyp2d6-substrate-carbonmangels,0.6723022167841135
RF,tdcommons/cyp2d6-substrate-carbonmangels,0.6874739394283287
minimol,tdcommons/half-life-obach,0.2116097116843012
RF_Mordred,tdcommons/cyp2d6-substrate-carbonmangels,0.6337860516670732
MolCLR,tdcommons/half-life-obach,0.1124870127130534
RF,tdcommons/half-life-obach,0.3724636784526061
MolCLR,tdcommons/cyp2d6-substrate-carbonmangels,0.6540261402400225
RF_Mordred,tdcommons/half-life-obach,0.4390775466877196
minimol,tdcommons/cyp2d6-substrate-carbonmangels,0.6610339363734572
RF,polaris/pkis2-kit-wt-reg-v2,824.2492956362241
RF,polaris/pkis2-kit-wt-cls-v2,0.6587182442484976
Chemprop,polaris/pkis2-kit-wt-cls-v2,0.37729576182960417
Chemprop,polaris/pkis2-kit-wt-reg-v2,1204.4330977949314
MiniCheMeleon,polaris/pkis2-kit-wt-cls-v2,0.4386014543594316
MiniCheMeleon,polaris/pkis2-kit-wt-reg-v2,969.536040035088
MoLFormer,polaris/pkis2-kit-wt-reg-v2,1130.4970993368051
MoLFormer,polaris/pkis2-kit-wt-cls-v2,0.5958070309636848
fastprop,polaris/pkis2-kit-wt-cls-v2,0.43883222496546376
fastprop,polaris/pkis2-kit-wt-reg-v2,1031.4798659775242
minimol,polaris/pkis2-kit-wt-cls-v2,0.5165394448009356
minimol,polaris/pkis2-kit-wt-reg-v2,965.3234660062498
MolCLR,polaris/pkis2-kit-wt-reg-v2,1160.4935168151192
MiniCheMeleon,polaris/pkis2-kit-wt-reg-v2,979.7820603868457
MiniCheMeleon,polaris/pkis2-kit-wt-cls-v2,0.5626764444266182
MiniCheMeleon,polaris/pkis2-kit-wt-reg-v2,947.8106081861805
CheMeleon,polaris/pkis2-kit-wt-reg-v2,757.4821917636548
CheMeleon,polaris/pkis2-kit-wt-cls-v2,0.7054883965359975
MiniCheMeleon,polaris/pkis2-kit-wt-cls-v2,0.5411403061021564
MolCLR,polaris/pkis2-kit-wt-reg-v2,1153.4061330915565
MoLFormer,polaris/pkis2-kit-wt-cls-v2,0.6682207927305761
MoLFormer,polaris/pkis2-kit-wt-reg-v2,1027.2955065638143
fastprop,polaris/pkis2-kit-wt-cls-v2,0.48365776087492673
fastprop,polaris/pkis2-kit-wt-reg-v2,1009.6837656446122
MolCLR,polaris/pkis2-kit-wt-cls-v2,0.28553583188016546
CheMeleon,polaris/pkis2-kit-wt-reg-v2,832.2304574484438
fastprop,polaris/pkis2-kit-wt-reg-v2,965.019213824296
MolCLR,polaris/pkis2-kit-wt-cls-v2,0.34854393007458623
MolCLR,polaris/pkis2-kit-wt-reg-v2,1166.893968716977
MolCLR,polaris/pkis2-kit-wt-cls-v2,0.31853197776453296
RF,polaris/pkis2-kit-wt-cls-v2,0.6407845641854626
RF,polaris/pkis2-kit-wt-reg-v2,836.9048637697124
MolCLR,polaris/pkis2-kit-wt-reg-v2,1186.1269147000364
RF_Mordred,polaris/pkis2-kit-wt-cls-v2,0.5470945603970429
MoLFormer,polaris/pkis2-kit-wt-cls-v2,0.6323076141849994
MoLFormer,polaris/pkis2-kit-wt-reg-v2,1147.5810763280138
fastprop,polaris/pkis2-kit-wt-cls-v2,0.49557259940773923
fastprop,polaris/pkis2-kit-wt-reg-v2,964.6530951079977
RF_Mordred,polaris/pkis2-kit-wt-cls-v2,0.6129519899095477
RF_Mordred,polaris/pkis2-kit-wt-reg-v2,884.4644972641013
RF_Mordred,polaris/pkis2-kit-wt-reg-v2,929.9137082877505
Chemprop,polaris/pkis2-kit-wt-reg-v2,885.6409931489636
fastprop,polaris/pkis2-kit-wt-cls-v2,0.4677672988549707
fastprop,polaris/pkis2-kit-wt-reg-v2,966.2882995782583
RF_Mordred,polaris/pkis2-kit-wt-cls-v2,0.5283717760092553
RF_Mordred,polaris/pkis2-kit-wt-reg-v2,867.5837621571959
MoLFormer,polaris/pkis2-kit-wt-reg-v2,1085.8697279717437
MoLFormer,polaris/pkis2-kit-wt-cls-v2,0.6703907271416001
MoLFormer,polaris/pkis2-kit-wt-cls-v2,0.5687345018899432
RF,polaris/pkis2-kit-wt-reg-v2,818.1981367667817
CheMeleon,polaris/pkis2-kit-wt-reg-v2,763.7338096098343
RF,polaris/pkis2-kit-wt-cls-v2,0.6466224169932374
MoLFormer,polaris/pkis2-kit-wt-reg-v2,1091.2444389055463
CheMeleon,polaris/pkis2-kit-wt-cls-v2,0.7093246006115614
Chemprop,polaris/pkis2-kit-wt-reg-v2,833.7045091889248
Chemprop,polaris/pkis2-kit-wt-cls-v2,0.44299935722764416
MiniCheMeleon,polaris/pkis2-kit-wt-reg-v2,972.0359458402828
MiniCheMeleon,polaris/pkis2-kit-wt-cls-v2,0.4916062163561982
Chemprop,polaris/pkis2-kit-wt-cls-v2,0.5799982023356187
RF,polaris/pkis2-kit-wt-reg-v2,813.8370637841771
CheMeleon,polaris/pkis2-kit-wt-reg-v2,820.5279427963466
minimol,polaris/pkis2-kit-wt-cls-v2,0.7287086269933609
RF_Mordred,polaris/pkis2-kit-wt-cls-v2,0.5683717594681063
RF_Mordred,polaris/pkis2-kit-wt-reg-v2,857.1120712468954
minimol,polaris/pkis2-kit-wt-reg-v2,982.5682494487107
minimol,polaris/pkis2-kit-wt-cls-v2,0.5933923698653115
fastprop,polaris/pkis2-kit-wt-cls-v2,0.44141874074855986
minimol,polaris/pkis2-kit-wt-cls-v2,0.6762432357488428
MiniCheMeleon,polaris/pkis2-kit-wt-reg-v2,913.7597284553752
MiniCheMeleon,polaris/pkis2-kit-wt-cls-v2,0.5186382256133156
CheMeleon,polaris/pkis2-kit-wt-cls-v2,0.6869107409279265
CheMeleon,polaris/pkis2-kit-wt-reg-v2,825.7285050373783
Chemprop,polaris/pkis2-kit-wt-cls-v2,0.35848963136771334
Chemprop,polaris/pkis2-kit-wt-reg-v2,928.3345803068048
minimol,polaris/pkis2-kit-wt-reg-v2,923.1334045977353
CheMeleon,polaris/pkis2-kit-wt-cls-v2,0.6266104090655296
MolCLR,polaris/pkis2-kit-wt-cls-v2,0.3139538394937052
MolCLR,polaris/pkis2-kit-wt-reg-v2,1056.157104345953
RF,polaris/pkis2-kit-wt-cls-v2,0.6429681106784213
minimol,polaris/pkis2-kit-wt-reg-v2,810.606858687971
Chemprop,polaris/pkis2-kit-wt-cls-v2,0.44034151425805956
Chemprop,polaris/pkis2-kit-wt-reg-v2,916.9820765157901
RF_Mordred,polaris/pkis2-kit-wt-reg-v2,892.6681550668416
minimol,polaris/pkis2-kit-wt-cls-v2,0.5695063330376905
minimol,polaris/pkis2-kit-wt-reg-v2,948.5013481184828
RF,polaris/pkis2-kit-wt-cls-v2,0.612015426830886
RF,polaris/pkis2-kit-wt-reg-v2,803.3245029803641
RF_Mordred,polaris/pkis2-kit-wt-cls-v2,0.6265268700939152
CheMeleon,polaris/pkis2-kit-wt-cls-v2,0.7371076596000532
MolCLR,polaris/pkis2-kit-wt-cls-v2,0.31083779600688505
MolCLR,tdcommons/herg,0.6879234167893962
MolCLR,tdcommons/herg,0.6346097201767306
CheMeleon,tdcommons/herg,0.8558173784977908
MiniCheMeleon,tdcommons/herg,0.8204712812960235
Chemprop,tdcommons/herg,0.7094256259204713
MolCLR,tdcommons/herg,0.6702503681885125
minimol,tdcommons/herg,0.8269513991163475
RF_Mordred,tdcommons/herg,0.8007363770250369
CheMeleon,tdcommons/herg,0.8793814432989691
CheMeleon,tdcommons/herg,0.8593519882179677
MiniCheMeleon,tdcommons/herg,0.830338733431517
Chemprop,tdcommons/herg,0.6955817378497791
MoLFormer,tdcommons/herg,0.7799705449189985
MolCLR,tdcommons/herg,0.6864506627393225
MiniCheMeleon,tdcommons/herg,0.8266568483063328
Chemprop,tdcommons/herg,0.6941089837997054
Chemprop,tdcommons/herg,0.6793814432989691
MoLFormer,tdcommons/herg,0.7823269513991163
MolCLR,tdcommons/herg,0.6749631811487482
RF,tdcommons/herg,0.8558173784977908
fastprop,tdcommons/herg,0.8496318114874816
RF,tdcommons/herg,0.8496318114874816
RF_Mordred,tdcommons/herg,0.7908689248895434
minimol,tdcommons/herg,0.838438880706922
MoLFormer,tdcommons/herg,0.7564064801178204
Chemprop,tdcommons/herg,0.7051546391752577
MoLFormer,tdcommons/herg,0.7655375552282768
fastprop,tdcommons/herg,0.8322533136966126
RF,tdcommons/herg,0.8589101620029455
MoLFormer,tdcommons/herg,0.7761413843888071
RF_Mordred,tdcommons/herg,0.8011782032400588
fastprop,tdcommons/herg,0.8237113402061856
RF,tdcommons/herg,0.8513991163475698
minimol,tdcommons/herg,0.8337260677466863
RF_Mordred,tdcommons/herg,0.7833578792341679
RF,tdcommons/herg,0.8437407952871872
fastprop,tdcommons/herg,0.8431516936671576
fastprop,tdcommons/herg,0.8269513991163476
minimol,tdcommons/herg,0.7998527245949927
RF_Mordred,tdcommons/herg,0.8175257731958763
minimol,tdcommons/herg,0.7977908689248896
CheMeleon,tdcommons/herg,0.8602356406480118
MiniCheMeleon,tdcommons/herg,0.8225331369661266
MiniCheMeleon,tdcommons/herg,0.7982326951399117
CheMeleon,tdcommons/herg,0.880559646539028
MiniCheMeleon,tdcommons/bioavailability-ma,0.575324243431992
CheMeleon,tdcommons/bioavailability-ma,0.610575324243432
CheMeleon,tdcommons/bioavailability-ma,0.5743265713335551
MiniCheMeleon,tdcommons/bioavailability-ma,0.5633521782507482
CheMeleon,tdcommons/bioavailability-ma,0.5783172597273031
minimol,tdcommons/bioavailability-ma,0.6777519122048554
MoLFormer,tdcommons/bioavailability-ma,0.730961090788161
RF,tdcommons/bioavailability-ma,0.7224808779514466
fastprop,tdcommons/bioavailability-ma,0.6035916195543731
RF,tdcommons/bioavailability-ma,0.7118390422347856
fastprop,tdcommons/bioavailability-ma,0.6228799467908214
RF_Mordred,tdcommons/bioavailability-ma,0.6416694379780512
RF_Mordred,tdcommons/bioavailability-ma,0.6960425673428665
minimol,tdcommons/bioavailability-ma,0.735949451280346
RF_Mordred,tdcommons/bioavailability-ma,0.661290322580645
RF,tdcommons/bioavailability-ma,0.7078483538410376
fastprop,tdcommons/bioavailability-ma,0.6198869304955105
MoLFormer,tdcommons/bioavailability-ma,0.7316262055204523
MoLFormer,tdcommons/bioavailability-ma,0.666444961755903
CheMeleon,tdcommons/bioavailability-ma,0.5803126039241768
MoLFormer,tdcommons/bioavailability-ma,0.662454273362155
Chemprop,tdcommons/bioavailability-ma,0.5779847023611572
MolCLR,tdcommons/bioavailability-ma,0.6584635849684071
MiniCheMeleon,tdcommons/bioavailability-ma,0.6591286997006983
Chemprop,tdcommons/bioavailability-ma,0.5843032923179249
fastprop,tdcommons/bioavailability-ma,0.6824077153308946
RF,tdcommons/bioavailability-ma,0.7196541403392085
RF_Mordred,tdcommons/bioavailability-ma,0.6706019288327236
RF,tdcommons/bioavailability-ma,0.7080146325241103
minimol,tdcommons/bioavailability-ma,0.6757565680079815
Chemprop,tdcommons/bioavailability-ma,0.5966079148653143
MoLFormer,tdcommons/bioavailability-ma,0.6195543731293648
fastprop,tdcommons/bioavailability-ma,0.6398403724642501
MolCLR,tdcommons/bioavailability-ma,0.5683405387429331
MiniCheMeleon,tdcommons/bioavailability-ma,0.6225473894246758
MolCLR,tdcommons/bioavailability-ma,0.5969404722314599
MolCLR,tdcommons/bioavailability-ma,0.564682407715331
MolCLR,tdcommons/bioavailability-ma,0.6075823079481211
minimol,tdcommons/bioavailability-ma,0.5078150981044229
RF_Mordred,tdcommons/bioavailability-ma,0.6581310276022614
Chemprop,tdcommons/bioavailability-ma,0.6029265048220818
Chemprop,tdcommons/bioavailability-ma,0.6218822746923844
minimol,tdcommons/bioavailability-ma,0.5886265380778185
CheMeleon,tdcommons/bioavailability-ma,0.5510475557033588
MiniCheMeleon,tdcommons/bioavailability-ma,0.627203192550715
RF,polaris/pkis2-egfr-wt-reg-v2,513.7453826367129
MoLFormer,polaris/pkis2-egfr-wt-reg-v2,759.6894641861445
fastprop,polaris/pkis2-egfr-wt-reg-v2,510.56916627469593
RF_Mordred,polaris/pkis2-egfr-wt-reg-v2,514.9571847016972
fastprop,polaris/pkis2-egfr-wt-reg-v2,585.9431030189237
RF,polaris/pkis2-egfr-wt-reg-v2,516.6841028554263
minimol,polaris/pkis2-egfr-wt-reg-v2,538.993475796184
CheMeleon,polaris/pkis2-egfr-wt-reg-v2,470.6422665049618
CheMeleon,polaris/pkis2-egfr-wt-reg-v2,485.44344482812215
MiniCheMeleon,polaris/pkis2-egfr-wt-reg-v2,603.6234297473216
CheMeleon,polaris/pkis2-egfr-wt-reg-v2,452.0344983362219
MiniCheMeleon,polaris/pkis2-egfr-wt-reg-v2,534.0372834391551
Chemprop,polaris/pkis2-egfr-wt-reg-v2,738.9209915305378
MolCLR,polaris/pkis2-egfr-wt-reg-v2,788.3116821244234
RF_Mordred,polaris/pkis2-egfr-wt-reg-v2,503.60920572800364
MiniCheMeleon,polaris/pkis2-egfr-wt-reg-v2,576.1207534647201
MoLFormer,polaris/pkis2-egfr-wt-reg-v2,753.2395819651505
Chemprop,polaris/pkis2-egfr-wt-reg-v2,685.8908405884886
MolCLR,polaris/pkis2-egfr-wt-reg-v2,791.6648216096902
Chemprop,polaris/pkis2-egfr-wt-reg-v2,676.2029481412721
MoLFormer,polaris/pkis2-egfr-wt-reg-v2,738.8141376456437
RF,polaris/pkis2-egfr-wt-reg-v2,499.17932114302454
fastprop,polaris/pkis2-egfr-wt-reg-v2,511.1993329038103
MiniCheMeleon,polaris/pkis2-egfr-wt-reg-v2,563.3957610951874
RF,polaris/pkis2-egfr-wt-reg-v2,506.141624638134
Chemprop,polaris/pkis2-egfr-wt-reg-v2,826.4306379771456
MolCLR,polaris/pkis2-egfr-wt-reg-v2,782.8599931035476
CheMeleon,polaris/pkis2-egfr-wt-reg-v2,481.22461955817533
CheMeleon,polaris/pkis2-egfr-wt-reg-v2,489.6330645457561
MolCLR,polaris/pkis2-egfr-wt-reg-v2,789.1295186562164
MiniCheMeleon,polaris/pkis2-egfr-wt-reg-v2,581.5071130121115
minimol,polaris/pkis2-egfr-wt-reg-v2,601.8292073748356
Chemprop,polaris/pkis2-egfr-wt-reg-v2,705.2608432653578
fastprop,polaris/pkis2-egfr-wt-reg-v2,561.6864792544841
MoLFormer,polaris/pkis2-egfr-wt-reg-v2,700.6063972838089
minimol,polaris/pkis2-egfr-wt-reg-v2,611.164473646383
minimol,polaris/pkis2-egfr-wt-reg-v2,553.2456014512577
minimol,polaris/pkis2-egfr-wt-reg-v2,545.0656000878529
fastprop,polaris/pkis2-egfr-wt-reg-v2,574.4871100505289
RF,polaris/pkis2-egfr-wt-reg-v2,512.3379446619415
RF_Mordred,polaris/pkis2-egfr-wt-reg-v2,527.2898017996328
RF_Mordred,polaris/pkis2-egfr-wt-reg-v2,525.994317536522
RF_Mordred,polaris/pkis2-egfr-wt-reg-v2,516.8197904763579
MoLFormer,polaris/pkis2-egfr-wt-reg-v2,798.4681764690388
MolCLR,polaris/pkis2-egfr-wt-reg-v2,783.0160259074714
fastprop,tdcommons/dili,0.8865217391304347
fastprop,tdcommons/dili,0.8826086956521739
RF_Mordred,tdcommons/dili,0.9241304347826087
RF,tdcommons/dili,0.9323913043478261
MoLFormer,tdcommons/dili,0.837391304347826
RF_Mordred,tdcommons/dili,0.9391304347826087
RF,tdcommons/dili,0.9221739130434782
MolCLR,tdcommons/dili,0.9095652173913042
MolCLR,tdcommons/dili,0.9113043478260869
MolCLR,tdcommons/dili,0.9147826086956522
minimol,tdcommons/dili,0.9582608695652174
Chemprop,tdcommons/dili,0.9060869565217391
MiniCheMeleon,tdcommons/dili,0.9117391304347826
MiniCheMeleon,tdcommons/dili,0.9317391304347826
CheMeleon,tdcommons/dili,0.9147826086956522
fastprop,tdcommons/dili,0.91
RF,tdcommons/dili,0.9345652173913043
MoLFormer,tdcommons/dili,0.8873913043478261
MoLFormer,tdcommons/dili,0.8617391304347826
CheMeleon,tdcommons/dili,0.922608695652174
Chemprop,tdcommons/dili,0.9069565217391304
MiniCheMeleon,tdcommons/dili,0.8856521739130435
RF_Mordred,tdcommons/dili,0.9308695652173913
CheMeleon,tdcommons/dili,0.8591304347826088
minimol,tdcommons/dili,0.9495652173913044
CheMeleon,tdcommons/dili,0.922608695652174
CheMeleon,tdcommons/dili,0.8882608695652174
Chemprop,tdcommons/dili,0.89
MolCLR,tdcommons/dili,0.9026086956521739
MiniCheMeleon,tdcommons/dili,0.9299999999999999
Chemprop,tdcommons/dili,0.9178260869565218
MolCLR,tdcommons/dili,0.91
RF_Mordred,tdcommons/dili,0.9397826086956522
minimol,tdcommons/dili,0.9395652173913043
RF,tdcommons/dili,0.9247826086956521
minimol,tdcommons/dili,0.9339130434782608
MoLFormer,tdcommons/dili,0.8582608695652174
Chemprop,tdcommons/dili,0.908695652173913
fastprop,tdcommons/dili,0.9047826086956522
fastprop,tdcommons/dili,0.8865217391304347
RF,tdcommons/dili,0.9306521739130436
RF_Mordred,tdcommons/dili,0.9295652173913043
minimol,tdcommons/dili,0.9443478260869566
MoLFormer,tdcommons/dili,0.8417391304347825
MiniCheMeleon,tdcommons/dili,0.9091304347826087
MolCLR,polaris/adme-fang-hppb-1,0.44631339435491985
MolCLR,polaris/adme-fang-hppb-1,0.405919739637839
Chemprop,polaris/adme-fang-hppb-1,0.5674755840472965
CheMeleon,polaris/adme-fang-hppb-1,0.7330177969647812
MoLFormer,polaris/adme-fang-hppb-1,0.7515361678445367
MoLFormer,polaris/adme-fang-hppb-1,0.7230009834019818
minimol,polaris/adme-fang-hppb-1,-0.28442860431476874
CheMeleon,polaris/adme-fang-hppb-1,0.7597979594636685
MiniCheMeleon,polaris/adme-fang-hppb-1,0.7912911232304966
MiniCheMeleon,polaris/adme-fang-hppb-1,0.752859516197475
Chemprop,polaris/adme-fang-hppb-1,0.5683617427244505
fastprop,polaris/adme-fang-hppb-1,0.7853310470239419
fastprop,polaris/adme-fang-hppb-1,0.8466364925604364
Chemprop,polaris/adme-fang-hppb-1,0.6162349536407169
RF,polaris/adme-fang-hppb-1,0.7293739322671601
fastprop,polaris/adme-fang-hppb-1,0.7989753821105372
RF_Mordred,polaris/adme-fang-hppb-1,0.8114050999458244
minimol,polaris/adme-fang-hppb-1,0.6633436670188378
RF,polaris/adme-fang-hppb-1,0.7089351588149938
fastprop,polaris/adme-fang-hppb-1,0.7804464622490165
RF_Mordred,polaris/adme-fang-hppb-1,0.8185101282064952
fastprop,polaris/adme-fang-hppb-1,0.8382378122379444
RF,polaris/adme-fang-hppb-1,0.7154594317822847
RF_Mordred,polaris/adme-fang-hppb-1,0.8133142078162978
RF_Mordred,polaris/adme-fang-hppb-1,0.8104548528427337
MoLFormer,polaris/adme-fang-hppb-1,0.752270089706317
MolCLR,polaris/adme-fang-hppb-1,0.4084919244545512
CheMeleon,polaris/adme-fang-hppb-1,0.7836716148643688
MiniCheMeleon,polaris/adme-fang-hppb-1,0.65037614743803
MolCLR,polaris/adme-fang-hppb-1,0.4667612273198292
RF,polaris/adme-fang-hppb-1,0.7174348428164359
RF_Mordred,polaris/adme-fang-hppb-1,0.8270732870794986
Chemprop,polaris/adme-fang-hppb-1,0.5801561461376035
minimol,polaris/adme-fang-hppb-1,0.6661422888804198
CheMeleon,polaris/adme-fang-hppb-1,0.780188627983479
CheMeleon,polaris/adme-fang-hppb-1,0.741039610528003
minimol,polaris/adme-fang-hppb-1,0.44386682988491316
Chemprop,polaris/adme-fang-hppb-1,0.3305159659470481
MiniCheMeleon,polaris/adme-fang-hppb-1,0.27732271598490943
MiniCheMeleon,polaris/adme-fang-hppb-1,0.7238945195030351
MolCLR,polaris/adme-fang-hppb-1,0.32649503427363447
MoLFormer,polaris/adme-fang-hppb-1,0.7249217659544267
MoLFormer,polaris/adme-fang-hppb-1,0.7174121669588354
minimol,polaris/adme-fang-hppb-1,0.6791886501115822
RF,polaris/adme-fang-hppb-1,0.7209435329105299
MolCLR,polaris/adme-fang-rppb-1,0.14541521780824362
CheMeleon,polaris/adme-fang-rppb-1,0.7926067862358107
Chemprop,polaris/adme-fang-rppb-1,0.17836038630728374
MolCLR,polaris/adme-fang-rppb-1,0.07182298055130634
RF_Mordred,polaris/adme-fang-rppb-1,0.7511245986783879
minimol,polaris/adme-fang-rppb-1,0.7296713412326099
RF_Mordred,polaris/adme-fang-rppb-1,0.7292737223857819
RF_Mordred,polaris/adme-fang-rppb-1,0.7423695082046937
RF,polaris/adme-fang-rppb-1,0.7858399000946392
fastprop,polaris/adme-fang-rppb-1,0.7482305340604205
RF,polaris/adme-fang-rppb-1,0.7765759930918072
CheMeleon,polaris/adme-fang-rppb-1,0.791307506847921
minimol,polaris/adme-fang-rppb-1,0.14650902666632298
RF_Mordred,polaris/adme-fang-rppb-1,0.6963829662099205
MoLFormer,polaris/adme-fang-rppb-1,0.7572680001809684
fastprop,polaris/adme-fang-rppb-1,0.8152480403725656
MoLFormer,polaris/adme-fang-rppb-1,0.7029337751855126
RF,polaris/adme-fang-rppb-1,0.7563804106828941
MoLFormer,polaris/adme-fang-rppb-1,0.6075753709346396
fastprop,polaris/adme-fang-rppb-1,0.8376174003049301
MiniCheMeleon,polaris/adme-fang-rppb-1,0.556473779977037
minimol,polaris/adme-fang-rppb-1,0.6570900949145635
fastprop,polaris/adme-fang-rppb-1,0.8234363138787124
minimol,polaris/adme-fang-rppb-1,0.0070234841225999545
RF,polaris/adme-fang-rppb-1,0.7711117650252846
fastprop,polaris/adme-fang-rppb-1,0.7524815976915824
Chemprop,polaris/adme-fang-rppb-1,0.21629655310409587
Chemprop,polaris/adme-fang-rppb-1,0.19926490691249624
MoLFormer,polaris/adme-fang-rppb-1,0.701704046637676
MiniCheMeleon,polaris/adme-fang-rppb-1,0.4363957923283367
MoLFormer,polaris/adme-fang-rppb-1,0.7627019669397783
MolCLR,polaris/adme-fang-rppb-1,0.06128169147140541
CheMeleon,polaris/adme-fang-rppb-1,0.8308656047669836
Chemprop,polaris/adme-fang-rppb-1,0.1952264782315199
CheMeleon,polaris/adme-fang-rppb-1,0.7070708728807016
MolCLR,polaris/adme-fang-rppb-1,-0.03150601159945554
Chemprop,polaris/adme-fang-rppb-1,0.2497028242807443
minimol,polaris/adme-fang-rppb-1,0.637209052775691
MiniCheMeleon,polaris/adme-fang-rppb-1,-0.003037949379397947
RF_Mordred,polaris/adme-fang-rppb-1,0.7099451993044406
RF,polaris/adme-fang-rppb-1,0.764522821540536
CheMeleon,polaris/adme-fang-rppb-1,0.8182788023318975
MiniCheMeleon,polaris/adme-fang-rppb-1,0.6338873834641683
MiniCheMeleon,polaris/adme-fang-rppb-1,0.4677452312792675
MolCLR,polaris/adme-fang-rppb-1,0.1307011598356586
